id,clinic,legal_name,type,address,phone,mon,tue,wed,thu,fri,sat,sun,open_24h,night_emergency,emergency_note,animals_treated,checked_on,checked_by,call_status,notes_from_call,call_priority,web_hint_unverified,animals_hint_unverified,website,source,lat,lng,hours_source
vmvt_01081f848b13982,8 drambliai (Antakalnis),"UAB ""8 drambliai""",vet_clinic,"Nemenčinės pl. 4C-104, Vilnius",+37068617226,08:00-24:00,08:00-24:00,08:00-24:00,08:00-24:00,08:00-24:00,08:00-24:00,08:00-24:00,no,,,,,,to call,,1,"Website: daily 08:00-24:00; shared phone +370 612 88788 (seen 2026-10-10, not checked by phone)",Website mentions exotic pets; not a full list,8drambliai.lt,VMVT register (data.gov.lt 5258),54.724340578,25.320809154,"website, read 2026-10-10 — not checked by phone"
man_002,8 drambliai (Naujamiestis),"UAB ""8 drambliai""",vet_clinic,"Naugarduko g. 59, Vilnius",+370 612 88788,07:00-23:00,07:00-23:00,07:00-23:00,07:00-23:00,07:00-23:00,07:00-23:00,07:00-23:00,no,,,,,,to call,,1,"Website: daily 07:00-23:00 (seen 2026-10-10, not checked by phone)",,8drambliai.lt,"Found on the web, not in the register extract",,,"website, read 2026-10-10 — not checked by phone"
man_001,8 drambliai (Pavilnys) — Vilnius Referral Veterinary Hospital,"UAB ""8 drambliai""",vet_clinic,"Tolimoji g. 2B, Vilnius",+370 612 88788,00:00-24:00,00:00-24:00,00:00-24:00,00:00-24:00,00:00-24:00,00:00-24:00,00:00-24:00,yes,yes,Website: emergency care 24/7,,,,to call,,1,"Website: open 24 hours a day; emergency care 24/7 (seen 2026-10-10, not checked by phone)",,8drambliai.lt,"Found on the web, not in the register extract",,,"website, read 2026-10-10 — not checked by phone"
vmvt_e041ef18064be10,Begemotas,"UAB ""Veterinarinės medicinos centras Begemotas""",vet_clinic,"Aukštaičių g. 5-178, Vilnius",+37067970243,08:00-22:00,08:00-22:00,08:00-22:00,08:00-22:00,08:00-22:00,08:00-22:00,08:00-22:00,no,,"Website: emergency help every day (within opening hours, as far as stated)",,,,to call,,1,"Website: Mon-Sun 08:00-22:00; emergency help every day; phone +370 677 95077 (seen 2026-10-10, not checked by phone)",,begevet.lt,VMVT register (data.gov.lt 5258),54.679031784,25.300232686,"website, read 2026-10-10 — not checked by phone"
man_003,8 drambliai (Pilaitė),"UAB ""8 drambliai""",vet_clinic,"M. Mažvydo g. 16, Vilnius",+370 612 88788,08:00-21:00,08:00-21:00,08:00-21:00,08:00-21:00,08:00-21:00,08:00-21:00,08:00-21:00,no,,,,,,to call,,2,"Website: daily 08:00-21:00 (seen 2026-10-10, not checked by phone)",,8drambliai.lt,"Found on the web, not in the register extract",,,"website, read 2026-10-10 — not checked by phone"
vmvt_e28bae07954cfe8,Andriaus Petrašiūno privati veterinarijos įmonė,Andriaus Petrašiūno privati veterinarijos įmonė,vet_clinic,"Mindaugo g. 21-14, Vilnius",+37068916300,,,,,,,,,,,,,,to call,,2,Registered as a service provider with a flat address: may be a visiting vet with no clinic. Ask.,,,VMVT register (data.gov.lt 5258),54.674288677,25.274729607,
vmvt_2374abbabfd8815,Antakalnio veterinarijos gydykla,"UAB ""Antakalnio veterinarijos gydykla""",vet_clinic,"Antakalnio g. 50, Vilnius",+37052344522,,,,,,,,,,,,,,to call,,2,,,,VMVT register (data.gov.lt 5258),54.70467948,25.310052969,
man_008,BioPlanet veterinarijos klinika,"UAB ""Fors Infinita""",vet_clinic,"Žemynos g. 30, Vilnius",+370 671 69828,,,,,,,,,,,,,,to call,,2,,,,"Found on the web, not in the register extract",,,
vmvt_935e326dfdc005b,CanisFelis,"UAB ""CanisFelis""",vet_clinic,"S. Žukausko g. 32-63, Vilnius",+37069333345,,,,,,,,,,,,,,to call,,2,,,,VMVT register (data.gov.lt 5258),54.707752015,25.300096142,
vmvt_1326573dd973b35,Gyvūnų odontologijos centras,"UAB ""Gyvūnų odontologijos centras""",vet_clinic,"Lvivo g. 21A, Vilnius",+37063111175,,,,,,,,,,,,,,to call,,2,,,,VMVT register (data.gov.lt 5258),54.695742804,25.280226898,
vmvt_31e69d51eaf6592,Indrės veterinarijos gydykla,"VšĮ ""Indrės veterinarijos gydykla""",vet_clinic,"Žemynos g. 1, Vilnius",+37052387533,,,,,,,,,,,,,,to call,,2,,,indresgydykla.lt,VMVT register (data.gov.lt 5258),54.725929568,25.231311457,
vmvt_ebc574c05629836,Justiniškių veterinarijos klinika,"UAB ""Justiniškių veterinarijos klinika""",vet_clinic,"Rygos g. 1, Vilnius",+37052400337,,,,,,,,,,,,,,to call,,2,,,,VMVT register (data.gov.lt 5258),54.716674898,25.229478799,
vmvt_398c2a335acad94,Kaitas,"UAB ""Kaitas""",vet_clinic,"Liejyklos g. 5, Vilnius",+37069961265,,,,,,,,,,,,,,to call,,2,,,,VMVT register (data.gov.lt 5258),54.683074183,25.280944792,
vmvt_c22e87661c62056,Keturios pėdutės,"UAB ""Keturios pėdutės""",vet_clinic,"Kedrų g. 7-101, Vilnius",+37052137365,,,,,,,,,,,,,,to call,,2,,,,VMVT register (data.gov.lt 5258),54.675964025,25.255414965,
vmvt_3dbd23f7641e407,Lazdynėlių veterinarijos klinika,"UAB ""Lazdynėlių veterinarijos klinika""",vet_clinic,"Dangeručio g. 1, Vilnius",+37060462224,,,,,,,,,,,,,,to call,,2,,,,VMVT register (data.gov.lt 5258),54.779676059,25.275367967,
vmvt_ebef99b1f8dc701,Lazdynų veterinarijos klinika,"UAB ""Lazdynų veterinarijos klinika""",vet_clinic,"S. Žukausko g. 32-63, Vilnius",+37069000027,,,,,,,,,,,,,,to call,,2,,,,VMVT register (data.gov.lt 5258),54.707752015,25.300096142,
vmvt_a3b9be524f053de,MBA Consulting,"UAB ""MBA Consulting""",vet_clinic,"V. Grybo g. 17-126, Vilnius",+37061432059,,,,,,,,,,,,,,to call,,2,,,,VMVT register (data.gov.lt 5258),54.703243461,25.315701282,
vmvt_4420c794df149b4,Muza vet,"MB ""Muza vet""",vet_clinic,"P. Žadeikos g. 14-45, Vilnius",+37068664018,,,,,,,,,,,,,,to call,,2,Registered as a service provider with a flat address: may be a visiting vet with no clinic. Ask.,,,VMVT register (data.gov.lt 5258),54.732993225,25.240919992,
vmvt_f892481cd315d65,Naujosios Vilnios veterinarijos gydykla ir vaistinė,"VšĮ ""Naujosios Vilnios veterinarijos gydykla ir vaistinė""",vet_clinic,"Parko g. 52-4, Vilnius",+37052690922,,,,,,,,,,,,,,to call,,2,,,,VMVT register (data.gov.lt 5258),54.685869524,25.427990723,
vmvt_8e4ea40c84380b7,Pagalbos gyvūnams langelis,VšĮ Pagalbos gyvūnams langelis,vet_clinic,"J. Basanavičiaus g. 41, Vilnius",+37065057888,,,,,,,,,,,,,,to call,,2,Registered as a service provider with a flat address: may be a visiting vet with no clinic. Ask.,,,VMVT register (data.gov.lt 5258),54.68126465,25.264154527,
vmvt_0f4d74507d45288,Pakolife,"MB ""Pakolife""",vet_clinic,"Knypavos g. 8R, Vilnius",+37060110769,,,,,,,,,,,,,,to call,,2,,,,VMVT register (data.gov.lt 5258),54.714485478,25.155758084,
man_007,Partnervetas,"UAB ""Partnervetas""",vet_clinic,"V. Maciulevičiaus g. 51, Vilnius",+370 5 203 4257,,,,,,,,,,,,,,to call,,2,,,,"Found on the web, not in the register extract",,,
vmvt_8672b831c6506a8,Pet City klinika,"UAB ""Pet City klinika""",vet_clinic,"Vikingų g. 3, Vilnius",+37061461565,,,,,,,,,,,,,,to call,,2,,,,VMVT register (data.gov.lt 5258),54.652419104,25.2770979,
vmvt_0f8a53f8cad9ed9,Rekso gydykla,"UAB ""Ex toto""",vet_clinic,"Paupio g. 14-9, Vilnius",+37052307094,,,,,,,,,,,,,,to call,,2,"Website gives a different address: Papilėnų g. 3 (Pilaitė). Register address may be the legal one. Visits by registration only (seen 2026-10-10, not checked by phone)","Website: dogs, cats, rabbits, rats, hamsters, guinea pigs, pet birds, ferrets",veterinarija.eu,VMVT register (data.gov.lt 5258),54.679651904,25.297709262,
vmvt_3a84bc0fe897a8f,Ritos Žilinskienės IĮ,Ritos Žilinskienės IĮ,vet_clinic,"Fabijoniškių g. 61, Vilnius",+37068989355,,,,,,,,,,,,,,to call,,2,,,,VMVT register (data.gov.lt 5258),54.725693243,25.245649428,
vmvt_d80749bff176162,S. Žakšausko veterinarijos įmonė,S. Žakšausko veterinarijos įmonė,vet_clinic,"S. Žukausko g. 32-63, Vilnius",+37044155850,,,,,,,,,,,,,,to call,,2,Registered as a service provider with a flat address: may be a visiting vet with no clinic. Ask.,,,VMVT register (data.gov.lt 5258),54.707752015,25.300096142,
vmvt_c21059547ed4f01,Tarandės gyvūnų namai,"UAB ""Tarandės gyvūnų namai""",vet_clinic,"Pikutiškių g. 9, Vilnius",+37060042545,,,,,,,,,,,,,,to call,,2,,,,VMVT register (data.gov.lt 5258),54.749021035,25.19556947,
vmvt_011681e54a111c0,Užupio veterinarijos klinika,"UAB ""Vetvita""",vet_clinic,"Subačiaus g. 6-27A, Vilnius",+37069909321,,,,,,,,,,,,,,to call,,2,"Directory gives a different address: Krivių g. 5, phone (0 650) 79009. Register address may be the legal one (seen 2026-10-10, not checked by phone)",,,VMVT register (data.gov.lt 5258),54.676502341,25.289716064,
vmvt_f549cb6d0178178,Valveta,"UAB ""Valveta""",vet_clinic,"P. Žadeikos g. 9-65, Vilnius",+37052304530,,,,,,,,,,,,,,to call,,2,,,,VMVT register (data.gov.lt 5258),54.733941189,25.246616759,
man_006,Veta,"UAB ""Veta""",vet_clinic,"Kalvarijų g. 62, Vilnius",+370 5 275 4196,,,,,,,,,,,,,,to call,,2,,,,"Found on the web, not in the register extract",,,
vmvt_cd27ff01f6d425a,VetBalsas (same phone as UAB Edlana),"UAB ""Edlana""",vet_clinic,"Stirnų g. 32-13, Vilnius",+37052127868,,,,,,,,,,,,,,to call,,2,"Directory gives a different address: Pylimo g. 33 (Senamiestis). Register address may be the legal one (seen 2026-10-10, not checked by phone)",,,VMVT register (data.gov.lt 5258),54.701141737,25.251118775,
man_009,Veterinarinė profilaktika,"IĮ ""Veterinarinė profilaktika""",vet_clinic,"Pavilnio Sodų 2-oji g. 22, Vilnius",+370 657 47737,,,,,,,,,,,,,,to call,,2,,,,"Found on the web, not in the register extract",,,
vmvt_4328a2bf4f665c6,Vetpulsas,"UAB ""Vetpulsas""",vet_clinic,"Rygos g. 39-33, Vilnius",+37052387533,,,,,,,,,,,,,,to call,,2,,,,VMVT register (data.gov.lt 5258),54.719370084,25.217064682,
vmvt_9cac443a39de4a2,Vilniaus kolegija,Vilniaus kolegija,vet_clinic,"Saltoniškių g. 58-1, Vilnius",+37052191617,,,,,,,,,,,,,,to call,,2,,,,VMVT register (data.gov.lt 5258),54.696168225,25.256752372,
vmvt_10808a362695686,Vilniaus veterinarijos gydykla,"UAB ""Vilniaus veterinarijos gydykla""",vet_clinic,"Siesikų g. 15, Vilnius",+37052482966,,,,,,,,,,,,,,to call,,2,,,,VMVT register (data.gov.lt 5258),54.709189884,25.248805942,
vmvt_5604542ba29412f,Vilniaus veterinarijos klinikinė ligoninė,"UAB ""Vilniaus veterinarijos klinikinė ligoninė""",vet_clinic,"A. Kojelavičiaus g. 150A, Vilnius",+37052672594,,,,,,,,,,,,,,to call,,2,"Website: no registration needed; home visits; hours not stated (seen 2026-10-10, not checked by phone)","Website: dogs, cats, hamsters, rats, reptiles, exotics, farm animals and horses",veterinarijavilniuje.lt,VMVT register (data.gov.lt 5258),54.695434057,25.398415943,
man_005,VilniusVet (Filaretai),"UAB ""Žvėryno veterinarijos gydykla""",vet_clinic,"Filaretų g. 35, Vilnius",+370 5 215 4202,,,,,,,,,,,,,,to call,,2,"Website lists emergency care; hours not stated (seen 2026-10-10, not checked by phone)",,vilniusvet.lt,"Found on the web, not in the register extract",,,
man_004,VilniusVet (Pašilaičiai),"UAB ""Žvėryno veterinarijos gydykla""",vet_clinic,"Pašilaičių g. 1D, Vilnius",+370 5 275 5659,,,,,,,,,,,,,,to call,,2,"Website lists emergency care; hours not stated (seen 2026-10-10, not checked by phone)",,vilniusvet.lt,"Found on the web, not in the register extract",,,
vmvt_35a249da217e15b,Zookomfort,"UAB ""Zookomfort""",vet_clinic,"Prūsų g. 2, Vilnius",+37052165112,,,,,,,,,,,,,,to call,,2,,,,VMVT register (data.gov.lt 5258),54.665158892,25.272180385,
vmvt_c82c3660c8e98d4,Zooveterinarijos centras TOTO,"UAB ""Zooveterinarijos centras TOTO""",vet_clinic,"Igno Šimulionio g. 5, Vilnius",+37052402308,,,,,,,,,,,,,,to call,,2,,,,VMVT register (data.gov.lt 5258),54.694585158,25.226204564,
vmvt_2bf92e4fc9f0527,Jakovo veterinarijos centras,"UAB ""Jakovo veterinarijos centras""",vet_pharmacy,"Gerosios Vilties g. 1-7, Vilnius",+37052105049,,,,,,,,,,,,,,to call,,2,Registered here as a pharmacy; ask if it is also a clinic,,,VMVT register (data.gov.lt 5258),54.672181093,25.241452623,
vmvt_b0e0a71e7d16ec6,Jeruzalės veterinarijos klinika / Dr.Vet,"UAB ""Jeruzalės veterinarijos klinika""",vet_pharmacy,"Jeruzalės g. 9, Vilnius",+37052472555,,,,,,,,,,,,,,to call,,2,"Directory lists the clinic at Jeruzalės g. 7, phone (0 652) 51003; Dr.Vet general phone +370 614 55 655. Registered here as a pharmacy (seen 2026-10-10, not checked by phone)","Website: dogs, cats; mentions exotics",drvet.lt,VMVT register (data.gov.lt 5258),54.74219167,25.277544652,
vmvt_23f0de8ad94c04c,VilniusVet (Žvėrynas),"UAB ""Žvėryno veterinarijos gydykla""",vet_pharmacy,"Kęstučio g. 54-1, Vilnius",+37052154202,,,,,,,,,,,,,,to call,,2,"Website: Kęstučio g. 54/1, tel +370 5 275 5035; lists emergency care, hours not stated. Registered here as a pharmacy, but it is also a clinic (seen 2026-10-10, not checked by phone)",,vilniusvet.lt,VMVT register (data.gov.lt 5258),54.697689847,25.249507654,
vmvt_fb7e0df0a4814d7,Pet24,"UAB ""Pet24""",vet_pharmacy,"Laisvės pr. 3, Vilnius",+37067114968,,,,,,,,,,,,,,to call,,3,,,,VMVT register (data.gov.lt 5258),54.674919155,25.224045791,
vmvt_41b8eaa02fdc04f,Vitpeta,"MB ""Vitpeta""",vet_pharmacy,"Oršos g. 5-43, Vilnius",+37064345523,,,,,,,,,,,,,,to call,,3,,,,VMVT register (data.gov.lt 5258),54.703101434,25.274329643,
vmvt_0d47a985905fc5e,Zoobazė,"UAB ""Zoobazė""",vet_pharmacy,"Laisvės pr. 3, Vilnius",+37068376776,,,,,,,,,,,,,,to call,,3,,,,VMVT register (data.gov.lt 5258),54.674919155,25.224045791,
vmvt_ccc61bf7c0f5af8,Šarfas,"MB ""Šarfas""",vet_pharmacy,"Balsių Sodų 1-oji g. 101, Vilnius",+37068571408,,,,,,,,,,,,,,to call,,3,,,,VMVT register (data.gov.lt 5258),54.790326043,25.350747243,
