file_name,type_1_8,type,what_it_shows,where_used_in_app,shape_in_app,belongs_to,latitude,longitude,where_taken,source,source_link,original_file_url,author,licence,licence_link,date_taken,people_visible,consent,original_size_px,notes
reports/broken-fence_1.jpg,4,Report examples,Broken fence,Report on the map — example report photo (feature 4),4:3,,44.9928,-93.313537,From photo GPS (outside Vilnius),Wikimedia Commons,https://commons.wikimedia.org/wiki/File:Storm_Damage_-_Broken_Fence_(17464953456).jpg,https://upload.wikimedia.org/wikipedia/commons/f/f1/Storm_Damage_-_Broken_Fence_%2817464953456%29.jpg,"Tony Webster from Minneapolis, Minnesota, United States",CC BY 2.0,https://creativecommons.org/licenses/by/2.0,2011-08-12,no,not needed,3264x1952,"Example photo; GPS (if any) is not in Vilnius, so not for the ""lands where taken"" test"
reports/broken-bench_1.jpg,4,Report examples,Broken bench,Report on the map — example report photo (feature 4),4:3,,,,Unknown,Wikimedia Commons,https://commons.wikimedia.org/wiki/File:Broken_bench_Briant_Pond_Park_Summit_NJ_2009.jpg,https://upload.wikimedia.org/wikipedia/commons/1/11/Broken_bench_Briant_Pond_Park_Summit_NJ_2009.jpg,Tomwsulcer,Public domain,,2010-01-02,no,not needed,3472x2604,"Example photo; GPS (if any) is not in Vilnius, so not for the ""lands where taken"" test"
reports/broken-bench_2.jpg,4,Report examples,Collapsed bench,Report on the map — example report photo (feature 4),4:3,,52.220905,0.655993,From photo GPS (outside Vilnius),Wikimedia Commons,"https://commons.wikimedia.org/wiki/File:Ickworth_Park,_Suffolk,_England_-broken_bench-2March2012.jpg",https://upload.wikimedia.org/wikipedia/commons/2/2b/Ickworth_Park%2C_Suffolk%2C_England_-broken_bench-2March2012.jpg,"Karen Roe from Bury St Edmunds, Suffolk, UK",CC BY 2.0,https://creativecommons.org/licenses/by/2.0,2012-03-02,no,not needed,2048x1365,"Example photo; GPS (if any) is not in Vilnius, so not for the ""lands where taken"" test"
reports/damaged-bench-taped_1.jpg,4,Report examples,"Damaged bench, taped off",Report on the map — example report photo (feature 4),4:3,,,,Unknown,Wikimedia Commons,https://commons.wikimedia.org/wiki/File:Broken_Bench_(20949764078).jpg,https://upload.wikimedia.org/wikipedia/commons/5/5e/Broken_Bench_%2820949764078%29.jpg,"Rob Swystun from Winnipeg, Canada",CC BY 2.0,https://creativecommons.org/licenses/by/2.0,2015-09-04,no,not needed,5312x2988,"Example photo; GPS (if any) is not in Vilnius, so not for the ""lands where taken"" test"
reports/litter_1.jpg,4,Report examples,Litter on the ground,Report on the map — example report photo (feature 4),4:3,,52.521664,-1.532776,From photo GPS (outside Vilnius),Wikimedia Commons,https://commons.wikimedia.org/wiki/File:Litter_Park_Lane.jpg,https://upload.wikimedia.org/wikipedia/commons/c/cf/Litter_Park_Lane.jpg,Rubbish computer,CC BY-SA 4.0,https://creativecommons.org/licenses/by-sa/4.0,2021-08-02,no,not needed,4624x3472,"Example photo; GPS (if any) is not in Vilnius, so not for the ""lands where taken"" test"
reports/overflowing-bin_1.jpg,4,Report examples,Overflowing bin with litter,Report on the map — example report photo (feature 4),4:3,,42.981658,-81.2557,From photo GPS (outside Vilnius),Wikimedia Commons,"https://commons.wikimedia.org/wiki/File:Litter_in_Ivey_Park,_London,_Ontario.jpg",https://upload.wikimedia.org/wikipedia/commons/2/27/Litter_in_Ivey_Park%2C_London%2C_Ontario.jpg,Gogerr,CC BY 4.0,https://creativecommons.org/licenses/by/4.0,2025-09-15,no,not needed,4032x3024,"Example photo; GPS (if any) is not in Vilnius, so not for the ""lands where taken"" test"
reports/aggressive-dog-sign_1.jpg,4,Report examples,Aggressive dog warning sign,Report on the map — example report photo (feature 4),4:3,,,,Unknown,Wikimedia Commons,https://commons.wikimedia.org/wiki/File:Beware_Menacing_Dog_sign_in_Brisbane.jpg,https://upload.wikimedia.org/wikipedia/commons/d/de/Beware_Menacing_Dog_sign_in_Brisbane.jpg,Kgbo,CC BY-SA 4.0,https://creativecommons.org/licenses/by-sa/4.0,2021-11-04,no,not needed,3914x2935,"Example photo; GPS (if any) is not in Vilnius, so not for the ""lands where taken"" test"
reports/poison-bait-sign_1.jpg,4,Report examples,Poison bait warning sign,Report on the map — example report photo (feature 4),4:3,,,,Unknown,Wikimedia Commons,https://commons.wikimedia.org/wiki/File:Caribbean_Coast_rat_bait_in_the_vicinity_warning_sign.JPG,https://upload.wikimedia.org/wikipedia/commons/6/6c/Caribbean_Coast_rat_bait_in_the_vicinity_warning_sign.JPG,BrokenSphere,CC BY-SA 3.0,http://creativecommons.org/licenses/by-sa/3.0/,2008-05-25,no,not needed,2048x1536,"Example photo; GPS (if any) is not in Vilnius, so not for the ""lands where taken"" test"
reports/poison-bait-sign_2.jpg,4,Report examples,Poison bait warning sign (dogs),Report on the map — example report photo (feature 4),4:3,,-43.421242,170.168633,From photo GPS (outside Vilnius),Wikimedia Commons,https://commons.wikimedia.org/wiki/File:Possum_cyanide_warning.JPG,https://upload.wikimedia.org/wikipedia/commons/4/45/Possum_cyanide_warning.JPG,Andy king50,CC BY-SA 3.0,https://creativecommons.org/licenses/by-sa/3.0,2011-12-03,no,not needed,2924x2012,"Example photo; GPS (if any) is not in Vilnius, so not for the ""lands where taken"" test; Sign shows a contractor name and phone number; blur before showing"
lost-found/dog-small-brown_1.jpg,5,Pets for lost & found,Small brown dog,"Lost & found — sample post, marked as sample (feature 9)",1:1,,,,Unknown,Wikimedia Commons,https://commons.wikimedia.org/wiki/File:Small_dog_in_SG.jpg,https://upload.wikimedia.org/wikipedia/commons/4/42/Small_dog_in_SG.jpg,Anish Anilkumar,CC BY 4.0,https://creativecommons.org/licenses/by/4.0,2023-09-15,no,not needed,4608x3456,"Sample post only: show as a sample, not a real missing pet"
lost-found/dog-small-fluffy-tan_1.jpg,5,Pets for lost & found,Small fluffy tan dog,"Lost & found — sample post, marked as sample (feature 9)",1:1,,,,Unknown,Wikimedia Commons,https://commons.wikimedia.org/wiki/File:01-Kundel_mixed_breed_dog.jpg,https://upload.wikimedia.org/wikipedia/commons/5/58/01-Kundel_mixed_breed_dog.jpg,Maciek Godlewski,CC BY 2.5,https://creativecommons.org/licenses/by/2.5,2007-06-22,no,not needed,2500x1885,"Sample post only: show as a sample, not a real missing pet"
lost-found/dog-medium-tan_1.jpg,5,Pets for lost & found,Medium tan dog,"Lost & found — sample post, marked as sample (feature 9)",1:1,,10.961286,-63.998608,From photo GPS (outside Vilnius),Wikimedia Commons,https://commons.wikimedia.org/wiki/File:Dog_hybrid_from_Venezuela.jpg,https://upload.wikimedia.org/wikipedia/commons/b/b5/Dog_hybrid_from_Venezuela.jpg,Wilfredor,CC BY-SA 3.0,https://creativecommons.org/licenses/by-sa/3.0,2012-08-12,no,not needed,2500x2060,"Sample post only: show as a sample, not a real missing pet"
lost-found/dog-medium-black-white_1.jpg,5,Pets for lost & found,Medium black-and-white dog,"Lost & found — sample post, marked as sample (feature 9)",1:1,,,,Unknown,Wikimedia Commons,https://commons.wikimedia.org/wiki/File:Mixed-breed_dog_tricolour.jpg,https://upload.wikimedia.org/wikipedia/commons/9/91/Mixed-breed_dog_tricolour.jpg,Jamin Gray,CC BY-SA 2.0,https://creativecommons.org/licenses/by-sa/2.0,2007-06-16,no,not needed,3888x2592,"Sample post only: show as a sample, not a real missing pet"
lost-found/dog-black_1.jpg,5,Pets for lost & found,Black dog,"Lost & found — sample post, marked as sample (feature 9)",1:1,,,,Unknown,Wikimedia Commons,https://commons.wikimedia.org/wiki/File:Mixed-breed_dog_black_lying.jpg,https://upload.wikimedia.org/wikipedia/commons/3/39/Mixed-breed_dog_black_lying.jpg,Schapenlover at Dutch Wikipedia,Public domain,,2005-10-03,no,not needed,2080x1544,"Sample post only: show as a sample, not a real missing pet"
lost-found/dog-large-shepherd-mix_1.jpg,5,Pets for lost & found,Large shepherd-mix dog,"Lost & found — sample post, marked as sample (feature 9)",1:1,,,,Unknown,Wikimedia Commons,https://commons.wikimedia.org/wiki/File:Young_mixed-breed_dog_(aka).jpg,https://upload.wikimedia.org/wikipedia/commons/3/36/Young_mixed-breed_dog_%28aka%29.jpg,André Karwath aka Aka,CC BY-SA 2.5,https://creativecommons.org/licenses/by-sa/2.5,,no,not needed,2000x1033,"Sample post only: show as a sample, not a real missing pet"
lost-found/cat-tabby_1.jpg,5,Pets for lost & found,Tabby cat,"Lost & found — sample post, marked as sample (feature 9)",1:1,,,,Unknown,Wikimedia Commons,https://commons.wikimedia.org/wiki/File:Cat_March_2010-1.jpg,https://upload.wikimedia.org/wikipedia/commons/4/4d/Cat_March_2010-1.jpg,Alvesgaspar,CC BY-SA 3.0,https://creativecommons.org/licenses/by-sa/3.0,2010-03-13,no,not needed,3200x2212,"Sample post only: show as a sample, not a real missing pet"
lost-found/cat-black_1.jpg,5,Pets for lost & found,Black cat,"Lost & found — sample post, marked as sample (feature 9)",1:1,,,,Unknown,Wikimedia Commons,https://commons.wikimedia.org/wiki/File:Black_cat_portraits.jpg,https://upload.wikimedia.org/wikipedia/commons/a/a3/Black_cat_portraits.jpg,Dmitry Makeev,CC BY-SA 4.0,https://creativecommons.org/licenses/by-sa/4.0,2012-09-30,no,not needed,4000x4043,"Sample post only: show as a sample, not a real missing pet"
lost-found/cat-black-white_1.jpg,5,Pets for lost & found,Black-and-white cat,"Lost & found — sample post, marked as sample (feature 9)",1:1,,37.289636,-121.947214,From photo GPS (outside Vilnius),Wikimedia Commons,https://commons.wikimedia.org/wiki/File:Black_and_white_cat_sitting_on_lawn.jpg,https://upload.wikimedia.org/wikipedia/commons/d/dd/Black_and_white_cat_sitting_on_lawn.jpg,Grendelkhan,CC BY-SA 4.0,https://creativecommons.org/licenses/by-sa/4.0,2022-11-17,no,not needed,3639x2447,"Sample post only: show as a sample, not a real missing pet"
lost-found/cat-calico_1.jpg,5,Pets for lost & found,Calico cat,"Lost & found — sample post, marked as sample (feature 9)",1:1,,,,Unknown,Wikimedia Commons,https://commons.wikimedia.org/wiki/File:Six_weeks_old_cat_(aka).jpg,https://upload.wikimedia.org/wikipedia/commons/c/c1/Six_weeks_old_cat_%28aka%29.jpg,André Karwath aka Aka,CC BY-SA 2.5,https://creativecommons.org/licenses/by-sa/2.5,,no,not needed,2122x1415,"Sample post only: show as a sample, not a real missing pet"
lost-found/other-rabbit_1.jpg,5,Pets for lost & found,"Ginger rabbit (""other"")","Lost & found — sample post, marked as sample (feature 9)",1:1,,,,Unknown,Wikimedia Commons,https://commons.wikimedia.org/wiki/File:Trix_the_rabbit.jpg,https://upload.wikimedia.org/wikipedia/commons/b/b7/Trix_the_rabbit.jpg,KittensMittens2,CC BY-SA 4.0,https://creativecommons.org/licenses/by-sa/4.0,2006-04-20,no,not needed,2321x2150,"Sample post only: show as a sample, not a real missing pet"
dog-profiles/terrier-mix_1.jpg,6,Dog profiles,Terrier mix,Dog profile photo on Me / sign-up (base project),1:1,,,,"Lithuania (Commons category ""Dogs of Lithuania"")",Wikimedia Commons,https://commons.wikimedia.org/wiki/File:The_Master_look_(31724750875).jpg,https://upload.wikimedia.org/wikipedia/commons/a/ac/The_Master_look_%2831724750875%29.jpg,"Paulius Malinovskis from Uppsala, Sweden",CC BY 2.0,https://creativecommons.org/licenses/by/2.0,2016-07-17,no,not needed,2000x1335,
dog-profiles/spaniel_1.jpg,6,Dog profiles,Spaniel,Dog profile photo on Me / sign-up (base project),1:1,,,,"Poland (Commons category ""Dogs of Poland"")",Wikimedia Commons,https://commons.wikimedia.org/wiki/File:Evening_portrait_wideangle_(51679993647).jpg,https://upload.wikimedia.org/wikipedia/commons/b/b1/Evening_portrait_wideangle_%2851679993647%29.jpg,"Radek Kucharski from Warsaw, Poland",CC BY 2.0,https://creativecommons.org/licenses/by/2.0,2021-09-14,no,not needed,5988x3994,
dog-profiles/german-shepherd_1.jpg,6,Dog profiles,German Shepherd,Dog profile photo on Me / sign-up (base project),1:1,,,,"Germany (Commons category ""Dogs of Germany"")",Wikimedia Commons,"https://commons.wikimedia.org/wiki/File:German_Shepherd_Dog,_Puppy,_5_months,_Portrait.jpg",https://upload.wikimedia.org/wikipedia/commons/3/31/German_Shepherd_Dog%2C_Puppy%2C_5_months%2C_Portrait.jpg,Kristjan S.,CC BY-SA 4.0,https://creativecommons.org/licenses/by-sa/4.0,2019-07-16,no,not needed,7952x5304,
dog-profiles/boxer_1.jpg,6,Dog profiles,Boxer,Dog profile photo on Me / sign-up (base project),1:1,,,,"Germany (Commons category ""Dogs of Germany"")",Wikimedia Commons,https://commons.wikimedia.org/wiki/File:LusiaTheBoxerdog.jpg,https://upload.wikimedia.org/wikipedia/commons/6/62/LusiaTheBoxerdog.jpg,MPowerDrive,CC BY-SA 4.0,https://creativecommons.org/licenses/by-sa/4.0,2021-02-16,no,not needed,3869x2922,
dog-profiles/westie_1.jpg,6,Dog profiles,West Highland Terrier,Dog profile photo on Me / sign-up (base project),1:1,,,,"England (Commons category ""Dogs of England"")",Wikimedia Commons,https://commons.wikimedia.org/wiki/File:West_Highland_White_Terrier_face_portrait_May_2023.jpg,https://upload.wikimedia.org/wikipedia/commons/7/76/West_Highland_White_Terrier_face_portrait_May_2023.jpg,Dominic Nelson,CC BY-SA 4.0,https://creativecommons.org/licenses/by-sa/4.0,2023-05-29,no,not needed,3695x2474,
dog-profiles/golden-retriever_1.jpg,6,Dog profiles,Golden Retriever,Dog profile photo on Me / sign-up (base project),1:1,,,,"Netherlands (Commons category ""Dogs of the Netherlands"")",Wikimedia Commons,https://commons.wikimedia.org/wiki/File:Golden-retriever-DSC_0333.jpg,https://upload.wikimedia.org/wikipedia/commons/a/a5/Golden-retriever-DSC_0333.jpg,Wouter Engler,CC BY-SA 4.0,https://creativecommons.org/licenses/by-sa/4.0,2015-03-11,no,not needed,1630x1794,
dog-profiles/shiba-inu_1.jpg,6,Dog profiles,Shiba Inu,Dog profile photo on Me / sign-up (base project),1:1,,59.404294,18.345483,From photo GPS (outside Vilnius),Wikimedia Commons,https://commons.wikimedia.org/wiki/File:Dogs_D81_1817_(44264300291).jpg,https://upload.wikimedia.org/wikipedia/commons/b/b9/Dogs_D81_1817_%2844264300291%29.jpg,"Bengt Nyman from Vaxholm, Sweden",CC BY 2.0,https://creativecommons.org/licenses/by/2.0,2018-08-25,no,not needed,4098x4098,
dog-profiles/black-and-tan_1.jpg,6,Dog profiles,Black-and-tan dog,Dog profile photo on Me / sign-up (base project),1:1,,57.709695,11.961193,From photo GPS (outside Vilnius),Wikimedia Commons,https://commons.wikimedia.org/wiki/File:Hund_-_Dog_-_Flickr_-_lmbythesea.jpg,https://upload.wikimedia.org/wikipedia/commons/5/5d/Hund_-_Dog_-_Flickr_-_lmbythesea.jpg,lmbythesea,CC BY 2.0,https://creativecommons.org/licenses/by/2.0,2016-10-01,no,not needed,3393x2263,
walk-media/neris-embankment_1.jpg,8,Walk media,Neris riverside path,"Live walk & walk chat — photo sent during a walk (features 11, 12)",4:3,,54.69104,25.277975,"Vilnius, Lithuania (photo GPS)",Wikimedia Commons,https://commons.wikimedia.org/wiki/File:Neris_in_Vilnius_2019-08-17.jpg,https://upload.wikimedia.org/wikipedia/commons/2/21/Neris_in_Vilnius_2019-08-17.jpg,Alexey Komarov,CC BY-SA 4.0,https://creativecommons.org/licenses/by-sa/4.0,2019-08-17,no,not needed,4868x3246,
walk-media/sereikiskiu-park_1.jpg,8,Walk media,Path in Sereikiškių park,"Live walk & walk chat — photo sent during a walk (features 11, 12)",4:3,,54.685252,25.296439,"Vilnius, Lithuania (photo GPS)",Wikimedia Commons,https://commons.wikimedia.org/wiki/File:Sireikiskiu_parkas_-_panoramio.jpg,https://upload.wikimedia.org/wikipedia/commons/5/51/Sireikiskiu_parkas_-_panoramio.jpg,holmsius,CC BY 3.0,https://creativecommons.org/licenses/by/3.0,2011-06-27,no,not needed,1488x2240,
walk-media/bernardine-garden_1.jpg,8,Walk media,Bernardine Garden path,"Live walk & walk chat — photo sent during a walk (features 11, 12)",4:3,,54.684345,25.295895,"Vilnius, Lithuania (photo GPS)",Wikimedia Commons,https://commons.wikimedia.org/wiki/File:Bernardin%C5%B3_sodas_3.jpg,https://upload.wikimedia.org/wikipedia/commons/2/2d/Bernardin%C5%B3_sodas_3.jpg,Jodkovska,CC BY-SA 4.0,https://creativecommons.org/licenses/by-sa/4.0,2020-07-12,no,not needed,3840x5120,
walk-media/bernardine-garden_2.jpg,8,Walk media,"Bernardine Garden, table by the river","Live walk & walk chat — photo sent during a walk (features 11, 12)",4:3,,54.683636,25.29723,"Vilnius, Lithuania (photo GPS)",Wikimedia Commons,https://commons.wikimedia.org/wiki/File:Bernardin%C5%B3_sodas_4.jpg,https://upload.wikimedia.org/wikipedia/commons/8/8b/Bernardin%C5%B3_sodas_4.jpg,Jodkovska,CC BY-SA 4.0,https://creativecommons.org/licenses/by-sa/4.0,2020-07-12,no,not needed,3648x2736,
walk-media/bernardine-garden_3.jpg,8,Walk media,Bernardine Garden path,"Live walk & walk chat — photo sent during a walk (features 11, 12)",4:3,,54.683632,25.297232,"Vilnius, Lithuania (photo GPS)",Wikimedia Commons,https://commons.wikimedia.org/wiki/File:Bernardin%C5%B3_sodas_5.jpg,https://upload.wikimedia.org/wikipedia/commons/6/6c/Bernardin%C5%B3_sodas_5.jpg,Jodkovska,CC BY-SA 4.0,https://creativecommons.org/licenses/by-sa/4.0,2020-07-12,no,not needed,3840x5120,
walk-media/bernardine-garden_4.jpg,8,Walk media,Bernardine Garden path,"Live walk & walk chat — photo sent during a walk (features 11, 12)",4:3,,54.683098,25.296818,"Vilnius, Lithuania (photo GPS)",Wikimedia Commons,https://commons.wikimedia.org/wiki/File:Bernardin%C5%B3_sodas_7.jpg,https://upload.wikimedia.org/wikipedia/commons/1/1e/Bernardin%C5%B3_sodas_7.jpg,Jodkovska,CC BY-SA 4.0,https://creativecommons.org/licenses/by-sa/4.0,2020-07-12,no,not needed,2736x3648,
walk-media/bernardine-garden_5.jpg,8,Walk media,Bernardine Garden path with benches,"Live walk & walk chat — photo sent during a walk (features 11, 12)",4:3,,54.682838,25.296774,"Vilnius, Lithuania (photo GPS)",Wikimedia Commons,https://commons.wikimedia.org/wiki/File:Bernardin%C5%B3_sodas_14.jpg,https://upload.wikimedia.org/wikipedia/commons/1/13/Bernardin%C5%B3_sodas_14.jpg,Jodkovska,CC BY-SA 4.0,https://creativecommons.org/licenses/by-sa/4.0,2020-07-12,no,not needed,2736x3648,
walk-media/dog-walk-street_1.jpg,8,Walk media,Walking a small dog (person seen from behind),"Live walk & walk chat — photo sent during a walk (features 11, 12)",4:3,,52.259814,4.631333,From photo GPS (outside Vilnius),Wikimedia Commons,https://commons.wikimedia.org/wiki/File:Dog_walking_woman.jpg,https://upload.wikimedia.org/wikipedia/commons/5/58/Dog_walking_woman.jpg,Amin,CC BY-SA 4.0,https://creativecommons.org/licenses/by-sa/4.0,2018-05-02,yes,"not needed (seen from behind, no face)",2115x1464,
